/* База данных «Техобслуживание» */

-- Заполнение таблиц начальным набором данных

-- названия моделей автомобилей, включая бренд - BrandModels
insert into BrandModels 
    (BrandModel)
values
    (N'Skoda Fabia New'),     --  1
	(N'Volkswagen Polo'),     --  2
	(N'Skoda Octavia Tour'),  --  3
	(N'Skoda Roomster'),      --  4
	(N'Skoda Octavia A5'),    --  5
	(N'Suzuki Grand Vitara'), --  6
	(N'Toyota Camry'),        --  7
	(N'Volkswagen EOS'),      --  8
	(N'Mercedes 210'),        --  9
	(N'Audi A8 Quatro');      -- 10
go


-- названия цветов автомобилей - Colors
insert into Colors 
    (Color)
values
    (N'белый'),          --  1
	(N'серебристый'),    --  2
	(N'красный'),        --  3
	(N'фиолетовый'),     --  4
	(N'бело-желтый'),    --  5
	(N'желтый'),         --  6
	(N'светло-желтый'),  --  7
	(N'светло-зеленый'), --  8
	(N'сливочно-белый'), --  9
	(N'зеленый');        -- 10
go


-- персональные данные - Persons
insert into Persons
    (Surname, [Name], Patronymic, Passport)
values
    (N'Юрковский',   N'Марк',      N'Максимилианович', N'12 21 345671'),  --  1
	(N'Якубовская',  N'Диана',     N'Павловна',        N'12 21 123452'),  --  2
    (N'Шапиро',      N'Федор',     N'Федорович',       N'12 21 456123'),  --  3
	(N'Вожжаев',     N'Сергей',    N'Денисович',       N'12 21 123122'),  --  4
    (N'Хроменко',    N'Игорь',     N'Владимирович',    N'12 21 342121'),  --  5
	(N'Пелых',       N'Марина',    N'Ульяновна',       N'11 21 121212'),  --  6
	(N'Лапотникова', N'Тамара',    N'Оскаровна',       N'11 21 098181'),  --  7
	(N'Огородников', N'Сергей',    N'Иванович',        N'12 21 091911'),  --  8
    (N'Яйло',        N'Екатерина', N'Николаевна',      N'12 21 345675'),  --  9
	(N'Лосева',      N'Инна',      N'Степановна',      N'12 21 187651'),  -- 10
    (N'Михайлович',  N'Анна',      N'Валентиновна',    N'09 20 000122'),  -- 11
	(N'Тарапата',    N'Михаил',    N'Исаакович',       N'09 20 001981'),  -- 12
	(N'Трубихин',    N'Эдуард',    N'Михайлович',      N'09 21 121921'),  -- 13
	(N'Чмыхало',     N'Олег',      N'Тарасович',       N'12 20 021121'),  -- 14
	(N'Князьков',    N'Степан',    N'Сидорович',       N'09 19 002165'),  -- 15
	(N'Потемкина',   N'Наталья',   N'Павловна',        N'09 19 002213'),  -- 16
    (N'Гритченко',   N'Степан',    N'Романович',       N'09 19 002129'),  -- 17
	(N'Селиванов',   N'Александр', N'Михайлович',      N'11 18 000503'),  -- 18
	(N'Царькова',    N'Лариса',    N'Ильинична',       N'11 18 000523'),  -- 19
	(N'Яструб',      N'Владимир',  N'Данилович',       N'14 21 091811'),  -- 20
    (N'Мелашенко',   N'Александр', N'Алексеевич',      N'14 21 345675'),  -- 21
	(N'Пономаренко', N'Владислов', N'Дмитриевич',      N'13 21 185659'),  -- 22 
	(N'Хавалджи',    N'Любовь',    N'Амировна',        N'13 20 000112'),  -- 23
	(N'Пархоменко',  N'Ирина',     N'Владимировна',    N'08 20 001781'),  -- 24
    (N'Демидова',    N'Алина',     N'Александровна',   N'08 21 126921'),  -- 25
	(N'Лысенко',     N'Елена',     N'Егоровна',        N'18 20 061121'),  -- 26
	(N'Федосенко',   N'Оксана',    N'Владимировна',    N'08 19 402165'),  -- 27
	(N'Богатырева',  N'Екатерина', N'Алексеевна',      N'08 19 032213'),  -- 28
	(N'Иванова',     N'Валентина', N'Степановна',      N'14 19 003129'),  -- 29
	(N'Ильюшин',     N'Сергей',    N'Юрьевич',         N'13 18 000603');  -- 30
go


-- специальности работников - Specialties
insert into Specialties 
    (Speciality)
values
    (N'директор'),        --  1
	(N'бухгалтер'),       --  2
	(N'механик'),         --  3
	(N'менеджер'),        --  4
	(N'мастер-приемщик'), --  5
	(N'уборщик'),         --  6
	(N'инженер'),         --  7
	(N'автомаляр'),       --  8
	(N'мойщик'),          --  9
	(N'электрик');        -- 10
go


-- неисправности автомобилей - Malfunctions
insert into Malfunctions 
    (Malfunction)
values
    (N'Неисправность двигателя'),                       --  1
	(N'Неисправность механической коробки передач'),    --  2
	(N'Неисправность подвески и рулевого управления'),  --  3
	(N'Неисправность системы охлаждения'),              --  4
	(N'Неисправность сцепления'),                       --  5
	(N'Изношенные шины'),                               --  6
	(N'Неисправность тормоза'),                         --  7
	(N'Механические повреждения кузова'),               --  8
	(N'Повреждение стекла')                             --  9
go


-- услуги, оказываемые станцией - Services
insert into [Services] 
    ([Service], WorkCost, SparePartsCost)
values
	-- Неисправность двигателя
    (N'Компьютерная диагностика ДВС', 800, 0),                           --  1
    (N'Проверка системы зажигания', 800, 0),			                 --  2
    (N'Замена масла в ДВС', 1200, 600),					                 --  3
    (N'Замена воздушного фильтра ДВС', 400, 250),		                 --  4
    (N'Замена свечей зажигания', 900, 400),				                 --  5
    (N'Ремонт турбины', 3000, 500),						                 --  6
    (N'Мойка радиаторов со снятием с автомобиля', 7000, 0),              --  7
    (N'Мойка двигателя', 2000, 0),						                 --  8
	-- Неисправность механической коробки передач			             
    (N'Замена МКПП', 4000, 2000),                                        --  9
    (N'Капитальный ремонт МКПП', 8000, 3000),                            -- 10
    (N'Замена масла МКПП', 800, 300),                                    -- 11
	-- Неисправность подвески и рулевого управления			             
    (N'Замена подшипника передней ступицы', 1950, 1000),                 -- 12
    (N'Замена подшипника задней ступицы', 750, 400),                     -- 13
    (N'Замена стойки стабилизатора', 600, 200),                          -- 14
    (N'Замена втулок стабилизатора', 1200, 500),                         -- 15
    (N'Замена наконечника рул. тяги', 700, 300),                         -- 16
    (N'Замена рулевой тяги', 1300, 600),                                 -- 17
    (N'Замена жидкости в ГУР', 1300, 600),                               -- 18
	-- Неисправность системы охлаждения 
    (N'Антибактериальная обработка системы кондиционирования', 1200, 0), -- 19
    (N'Промывка системы А/С', 4500, 0),                                  -- 20
    (N'Заправка А/С', 950, 300),                                         -- 21
    (N'Замена фильтра системы вентиляции салона', 400, 150),             -- 22
	-- Неисправность сцепленияъ
    (N'Замена сцепления', 4000, 2500),                                   -- 23
	-- Механические повреждения кузова
    (N'Проверка ЛКП металлических частей кузова с прибором', 1200, 0),   -- 24
    (N'Покраска переднего бампера', 6000, 0),                            -- 25
    (N'Покраска заднего бампера', 6000, 0),                              -- 26
    (N'Покраска капота', 8000, 0),                                       -- 27
    (N'Покраска передней двери', 6000, 0),                               -- 28
    (N'Покраска крыши', 9000, 0),                                        -- 29
    -- Повреждение стекла
    (N'Замена ветрового стекла', 4000, 2000),                            -- 30
    (N'Замена опускного стекла двери', 3000, 1400),                      -- 31
    (N'Замена треугольного стекла двери', 4000, 1900)                    -- 32
go


-- клиенты - Clients
insert into Clients
    (IdPerson, BornDate, ResidencePermit)
values 
    ( 1, '02-12-2001', N'ул. Садовая, д. 123, кв. 12'),      --  1
    ( 2, '07-09-1991', N'ул. Зайцева, д. 2'),				 --  2
    ( 3, '03-18-1963', N'пр. Титова, д. 11, кв. 91'),		 --  3
    ( 4, '04-21-1957', N'ул. Содовая, д. 9'),				 --  4
    ( 5, '02-12-2001', N'ул. Челюскинцев, д. 112, кв. 211'), --  5
    ( 6, '06-01-1955', N'пр. Титова, д. 9, кв. 21'),		 --  6
    ( 7, '07-06-1992', N'пл. Конституции, д. 3, кв. 75'),	 --  7
    ( 8, '07-09-1991', N'пр. Мира, д. 3, кв. 64'),			 --  8
    ( 9, '12-23-1947', N'ул. Содовая, д. 9, кв. 6'),		 --  9
    (10, '07-09-1991', N'ул. Садовая, д. 10'),				 -- 10
    (11, '09-29-1956', N'ул. Судовая, д. 1, кв. 91'),		 -- 11
    (12, '04-13-1963', N'пр. Титова, д. 31, кв. 42'),		 -- 12
    (13, '04-21-1957', N'ул. Челюскинцев, д. 3'),			 -- 13
    (14, '02-12-2001', N'пр. Содовая, д. 13'),				 -- 14
    (15, '11-04-2001', N'пл. Конституции, д. 1, кв. 50'),	 -- 15
    (16, '10-09-2001', N'ул. Щорса, д. 23, кв. 17'),		 -- 16
    (17, '12-21-1998', N'ул. Овнатаняна, д. 4, кв. 98')      -- 17
go


-- автомобили - Cars
insert into Cars
    (IdBrand, IdColor, Plate, YearManuf, IdClient)
values 
    (2, 5, N'С167РК', 2018,  1),  --  1
    (4, 7, N'Т306РК', 2018,  2),  --  2
    (2, 5, N'С168РК', 2016,  3),  --  3
    (4, 7, N'Т312РК', 2018,  4),  --  4
    (2, 5, N'О169РК', 2016,  5),  --  5
    (1, 4, N'Н177РК', 2018,  6),  --  6
    (2, 5, N'С170РК', 2018,  7),  --  7
    (4, 7, N'Т315РК', 2018,  8),  --  8
    (2, 5, N'С201РК', 2018,  9),  --  9
    (1, 4, N'Н176РК', 2016, 10),  -- 10
    (1, 4, N'Н179РК', 2018, 11),  -- 11
    (7, 2, N'В012РК', 2016, 12),  -- 12
    (7, 2, N'В015РК', 2018, 13),  -- 13
    (2, 5, N'С212РК', 2016, 14),  -- 14
    (4, 7, N'Т397РК', 2020, 15),  -- 15
    (1, 4, N'Н175РК', 2018, 16),  -- 16
    (2, 5, N'С192РК', 2016, 17),  -- 17
    (4, 7, N'Т317РК', 2020,  1),  -- 18
	(7, 5, N'В019РК', 2018,  2);  -- 19
go

-- работники - Workers
insert into Workers
    (IdPerson, IdSpecialty, Category, Salary, WorkExperience, IsDismissed)
values 
    -- директора 
    (18,  1, N'главный', 200000, 15, 0),  --  1
    -- инженеры
    (19,  7, N'главный', 120000,  9, 0),  --  2
    -- бухгалтеры
    (20,  2, N'II',       60000,  8, 0),  --  3
    -- уборщики
    (21,  6, N'IV',       16000,  4, 0),  --  4
    (27,  6, N'II',       12000,  2, 0),  --  5
    -- автомаляры
    (22,  8, N'III',      40000,  5, 0),  --  6
    (23,  8, N'VI',       50000,  6, 0),  --  7
    -- механики
    (24,  3, N'V',        75000, 10, 0),  --  8
    (25,  3, N'IV',       60000,  8, 0),  --  9
    -- электрики
    (26, 10, N'V',        32000,  5, 0),  -- 10
    -- мойщики
    (28, 9, N'I',         20000,  2, 0),  -- 11
    (29, 9, N'II',        23000,  4, 0),  -- 12
    (30, 9, N'III',       26000,  6, 0)   -- 13
go


-- факты ремонта - RepairFacts
insert into RepairFacts
    (IdCar, IdClient, DateStart, DateFinish)
values 
    ( 1,  2, '02-10-2022', '02-17-2022'),  --  1
    ( 2,  3, '02-14-2022', '02-15-2022'),  --  2
    ( 3,  5, '02-17-2022', '02-20-2022'),  --  3
    ( 4,  6, '02-11-2022', '02-20-2022'),  --  4
    ( 5,  8, '02-19-2022', '02-28-2022'),  --  5
    ( 6,  4, '02-24-2022', '03-05-2022'),  --  6
    ( 7,  7, '02-28-2022', '03-06-2022'),  --  7
    ( 8,  1, '03-01-2022', '03-15-2022'),  --  8
    ( 9,  5, '03-08-2022', '03-15-2022'),  --  9
    (10, 10, '03-14-2022', '03-18-2022'),  -- 10
    (11, 12, '03-16-2022', '03-24-2022'),  -- 11
    (12, 13, '03-18-2022', '03-28-2022'),  -- 12
    (13, 11, '03-18-2022', '03-20-2022'),  -- 13
    (14, 14, '03-21-2022', '03-25-2022'),  -- 14
    (15, 15, '03-28-2022', '04-05-2022'),  -- 15
    (16, 16, '03-29-2022', '04-11-2022'),  -- 16
    (17, 17, '04-01-2022', '04-06-2022'),  -- 17
    (18,  1, '04-06-2022', '04-10-2022'),  -- 18
	(19,  5, '04-08-2022', '04-15-2022');  -- 19
go


-- факты поломки - BrakeFacts
insert into BrakeFacts
    (IdRepairFact, IdMalfunction, IdService, IdWorker, [DateTime])
values 
    ( 1,  1,  3,  8, '02-10-2022 08:30'),  --  1
    ( 1,  8, 28,  6, '02-15-2022 13:00'),  --  2
    ( 2,  1,  1,  9, '02-14-2022 10:30'),  --  3
    ( 3,  5, 23,  8, '02-17-2022 12:50'),  --  4
    ( 4,  1,  7, 11, '02-11-2022 14:30'),  --  5
    ( 5,  4, 19,  9, '02-19-2022 16:00'),  --  6
    ( 5,  8, 26,  7, '02-24-2022 08:30'),  --  7
    ( 6,  2,  9,  8, '02-24-2022 09:00'),  --  8
    ( 6,  3, 12,  8, '03-01-2022 11:00'),  --  9
    ( 7,  1,  5,  9, '02-28-2022 12:00'),  -- 10
    ( 8,  1,  7, 12, '03-01-2022 13:00'),  -- 11
    ( 9,  5, 23,  8, '03-08-2022 10:30'),  -- 12
    (10,  9, 32,  9, '03-14-2022 08:50'),  -- 13
    (10,  8, 28,  6, '03-16-2022 09:00'),  -- 14
    (11,  2, 10,  8, '03-16-2022 11:30'),  -- 15
    (11,  8, 25,  6, '03-20-2022 15:30'),  -- 16
    (12,  3, 15,  9, '03-18-2022 10:00'),  -- 17
    (13,  9, 30,  8, '03-19-2022 11:20'),  -- 18
    (14,  9, 31,  9, '03-21-2022 15:00'),  -- 19
    (14,  8, 28,  6, '03-23-2022 18:00'),  -- 20
    (15,  5, 23,  9, '03-28-2022 16:00'),  -- 21
    (15,  4, 20, 13, '04-03-2022 10:00'),  -- 22
    (16,  1,  6,  9, '03-29-2022 10:00'),  -- 23
    (16,  4, 20, 12, '04-08-2022 11:00'),  -- 24
    (16,  9, 31,  8, '04-10-2022 12:00'),  -- 25
    (17,  1,  7, 11, '04-03-2022 14:30'),  -- 26
    (18,  1,  3,  8, '04-06-2022 15:50'),  -- 27
	(19,  8, 25,  7, '04-08-2022 14:00'),  -- 28
	(19,  9, 30,  8, '04-13-2022 08:30');  -- 29
go